DROP TABLE IF EXISTS `ticketamount`;

CREATE TABLE ticketamount (
  trainRun INT     NOT NULL AUTO_INCREMENT,
  trainID  INT     NOT NULL,
  date     DATE    NOT NULL,
  canceled TINYINT NOT NULL,
  AB       INT     NOT NULL,
  BC       INT     NOT NULL,
  CD       INT     NOT NULL,
  DE       INT     NOT NULL,
  EF       INT     NOT NULL,
  FG       INT     NOT NULL,
  GH       INT     NOT NULL,
  HI       INT     NOT NULL,
  IJ       INT     NOT NULL,
  JK       INT     NOT NULL,
  KL       INT     NOT NULL,
  LM       INT     NOT NULL,
  MN       INT     NOT NULL,
  NO       INT     NOT NULL,
  OP       INT     NOT NULL,
  PQ       INT     NOT NULL,
  QR       INT     NOT NULL,
  RS       INT     NOT NULL,
  ST       INT     NOT NULL,
  TU       INT     NOT NULL,
  UV       INT     NOT NULL,
  VW       INT     NOT NULL,
  WX       INT     NOT NULL,
  XY       INT     NOT NULL,
  YZ       INT     NOT NULL,
  PRIMARY KEY (trainRun)
);

DROP TABLE IF EXISTS `traininfo`;

CREATE TABLE traininfo (
  trainID   INT(11)     NOT NULL AUTO_INCREMENT,
  trainName VARCHAR(20) NOT NULL,
  direction TINYINT(1)  NOT NULL,
  isFast    TINYINT(1)  NOT NULL,
  PRIMARY KEY (trainID)
);

INSERT INTO traininfo
VALUES (1, 'SB0600', 1, 1), (2, 'SB0615', 1, 0), (3, 'SB0630', 1, 0), (4, 'SB0645', 1, 0), (5, 'SB0700', 1, 1),
  (6, 'SB0715', 1, 0), (7, 'SB0730', 1, 0), (8, 'SB0745', 1, 0), (9, 'SB0800', 1, 1), (10, 'SB0815', 1, 0),
  (11, 'SB0830', 1, 0), (12, 'SB0845', 1, 0), (13, 'SB0900', 1, 1), (14, 'SB0915', 1, 0), (15, 'SB0930', 1, 0),
  (16, 'SB0945', 1, 0), (17, 'SB1000', 1, 1), (18, 'SB1015', 1, 0), (19, 'SB1030', 1, 0), (20, 'SB1045', 1, 0),
  (21, 'SB1100', 1, 1), (22, 'SB1115', 1, 0), (23, 'SB1130', 1, 0), (24, 'SB1145', 1, 0), (25, 'SB1200', 1, 1),
  (26, 'SB1215', 1, 0), (27, 'SB1230', 1, 0), (28, 'SB1245', 1, 0), (29, 'SB1300', 1, 1), (30, 'SB1315', 1, 0),
  (31, 'SB1330', 1, 0), (32, 'SB1345', 1, 0), (33, 'SB1400', 1, 1), (34, 'SB1415', 1, 0), (35, 'SB1430', 1, 0),
  (36, 'SB1445', 1, 0), (37, 'SB1500', 1, 1), (38, 'SB1515', 1, 0), (39, 'SB1530', 1, 0), (40, 'SB1545', 1, 0),
  (41, 'SB1600', 1, 1), (42, 'SB1615', 1, 0), (43, 'SB1630', 1, 0), (44, 'SB1645', 1, 0), (45, 'SB1700', 1, 1),
  (46, 'SB1715', 1, 0), (47, 'SB1730', 1, 0), (48, 'SB1745', 1, 0), (49, 'SB1800', 1, 1), (50, 'SB1815', 1, 0),
  (51, 'SB1830', 1, 0), (52, 'SB1845', 1, 0), (53, 'SB1900', 1, 1), (54, 'SB1915', 1, 0), (55, 'SB1930', 1, 0),
  (56, 'SB1945', 1, 0), (57, 'SB2000', 1, 1), (58, 'SB2015', 1, 0), (59, 'SB2030', 1, 0), (60, 'SB2045', 1, 0),
  (61, 'SB2100', 1, 1), (62, 'NB0600', 0, 1), (63, 'NB0615', 0, 0), (64, 'NB0630', 0, 0), (65, 'NB0645', 0, 0),
  (66, 'NB0700', 0, 1), (67, 'NB0715', 0, 0), (68, 'NB0730', 0, 0), (69, 'NB0745', 0, 0), (70, 'NB0800', 0, 1),
  (71, 'NB0815', 0, 0), (72, 'NB0830', 0, 0), (73, 'NB0845', 0, 0), (74, 'NB0900', 0, 1), (75, 'NB0915', 0, 0),
  (76, 'NB0930', 0, 0), (77, 'NB0945', 0, 0), (78, 'NB1000', 0, 1), (79, 'NB1015', 0, 0), (80, 'NB1030', 0, 0),
  (81, 'NB1045', 0, 0), (82, 'NB1100', 0, 1), (83, 'NB1115', 0, 0), (84, 'NB1130', 0, 0), (85, 'NB1145', 0, 0),
  (86, 'NB1200', 0, 1), (87, 'NB1215', 0, 0), (88, 'NB1230', 0, 0), (89, 'NB1245', 0, 0), (90, 'NB1300', 0, 1),
  (91, 'NB1315', 0, 0), (92, 'NB1330', 0, 0), (93, 'NB1345', 0, 0), (94, 'NB1400', 0, 1), (95, 'NB1415', 0, 0),
  (96, 'NB1430', 0, 0), (97, 'NB1445', 0, 0), (98, 'NB1500', 0, 1), (99, 'NB1515', 0, 0), (100, 'NB1530', 0, 0),
  (101, 'NB1545', 0, 0), (102, 'NB1600', 0, 1), (103, 'NB1615', 0, 0), (104, 'NB1630', 0, 0), (105, 'NB1645', 0, 0),
  (106, 'NB1700', 0, 1), (107, 'NB1715', 0, 0), (108, 'NB1730', 0, 0), (109, 'NB1745', 0, 0), (110, 'NB1800', 0, 1),
  (111, 'NB1815', 0, 0), (112, 'NB1830', 0, 0), (113, 'NB1845', 0, 0), (114, 'NB1900', 0, 1), (115, 'NB1915', 0, 0),
  (116, 'NB1930', 0, 0), (117, 'NB1945', 0, 0), (118, 'NB2000', 0, 1), (119, 'NB2015', 0, 0), (120, 'NB2030', 0, 0),
  (121, 'NB2045', 0, 0), (122, 'NB2100', 0, 1);

DROP TABLE IF EXISTS `slowschedule`;

CREATE TABLE slowschedule (
  trainID INT(11) NOT NULL,
  A       TIME    NOT NULL,
  B       TIME    NOT NULL,
  C       TIME    NOT NULL,
  D       TIME    NOT NULL,
  E       TIME    NOT NULL,
  F       TIME    NOT NULL,
  G       TIME    NOT NULL,
  H       TIME    NOT NULL,
  I       TIME    NOT NULL,
  J       TIME    NOT NULL,
  K       TIME    NOT NULL,
  L       TIME    NOT NULL,
  M       TIME    NOT NULL,
  N       TIME    NOT NULL,
  O       TIME    NOT NULL,
  P       TIME    NOT NULL,
  Q       TIME    NOT NULL,
  R       TIME    NOT NULL,
  S       TIME    NOT NULL,
  T       TIME    NOT NULL,
  U       TIME    NOT NULL,
  V       TIME    NOT NULL,
  W       TIME    NOT NULL,
  X       TIME    NOT NULL,
  Y       TIME    NOT NULL,
  Z       TIME    NOT NULL,
  PRIMARY KEY (trainID)
);

INSERT INTO slowschedule VALUES
  (2, '06:15:00', '06:23:00', '06:31:00', '06:39:00', '06:47:00', '06:55:00', '07:03:00', '07:11:00', '07:19:00',
      '07:27:00', '07:35:00', '07:43:00', '07:51:00', '07:59:00', '08:07:00', '08:15:00', '08:23:00', '08:31:00',
                  '08:39:00', '08:47:00', '08:55:00', '09:03:00', '09:11:00', '09:19:00', '09:27:00', '09:35:00'),
  (3, '06:30:00', '06:38:00', '06:46:00', '06:54:00', '07:02:00', '07:10:00', '07:18:00', '07:26:00', '07:34:00', '07:42:00', '07:50:00', '07:58:00', '08:06:00', '08:14:00', '08:22:00', '08:30:00', '08:38:00', '08:46:00', '08:54:00', '09:02:00', '09:10:00', '09:18:00', '09:26:00', '09:34:00', '09:42:00', '09:50:00'),
  (4, '06:45:00', '06:53:00', '07:01:00', '07:09:00', '07:17:00', '07:25:00', '07:33:00', '07:41:00', '07:49:00', '07:57:00', '08:05:00', '08:13:00', '08:21:00', '08:29:00', '08:37:00', '08:45:00', '08:53:00', '09:01:00', '09:09:00', '09:17:00', '09:25:00', '09:33:00', '09:41:00', '09:49:00', '09:57:00', '10:05:00'),
  (6, '07:15:00', '07:23:00', '07:31:00', '07:39:00', '07:47:00', '07:55:00', '08:03:00', '08:11:00', '08:19:00', '08:27:00', '08:35:00', '08:43:00', '08:51:00', '08:59:00', '09:07:00', '09:15:00', '09:23:00', '09:31:00', '09:39:00', '09:47:00', '09:55:00', '10:03:00', '10:11:00', '10:19:00', '10:27:00', '10:35:00'),
  (7, '07:30:00', '07:38:00', '07:46:00', '07:54:00', '08:02:00', '08:10:00', '08:18:00', '08:26:00', '08:34:00', '08:42:00', '08:50:00', '08:58:00', '09:06:00', '09:14:00', '09:22:00', '09:30:00', '09:38:00', '09:46:00', '09:54:00', '10:02:00', '10:10:00', '10:18:00', '10:26:00', '10:34:00', '10:42:00', '10:50:00'),
  (8, '07:45:00', '07:53:00', '08:01:00', '08:09:00', '08:17:00', '08:25:00', '08:33:00', '08:41:00', '08:49:00', '08:57:00', '09:05:00', '09:13:00', '09:21:00', '09:29:00', '09:37:00', '09:45:00', '09:53:00', '10:01:00', '10:09:00', '10:17:00', '10:25:00', '10:33:00', '10:41:00', '10:49:00', '10:57:00', '11:05:00'),
  (10, '08:15:00', '08:23:00', '08:31:00', '08:39:00', '08:47:00', '08:55:00', '09:03:00', '09:11:00', '09:19:00', '09:27:00', '09:35:00', '09:43:00', '09:51:00', '09:59:00', '10:07:00', '10:15:00', '10:23:00', '10:31:00', '10:39:00', '10:47:00', '10:55:00', '11:03:00', '11:11:00', '11:19:00', '11:27:00', '11:35:00'),
  (11, '08:30:00', '08:38:00', '08:46:00', '08:54:00', '09:02:00', '09:10:00', '09:18:00', '09:26:00', '09:34:00', '09:42:00', '09:50:00', '09:58:00', '10:06:00', '10:14:00', '10:22:00', '10:30:00', '10:38:00', '10:46:00', '10:54:00', '11:02:00', '11:10:00', '11:18:00', '11:26:00', '11:34:00', '11:42:00', '11:50:00'),
  (12, '08:45:00', '08:53:00', '09:01:00', '09:09:00', '09:17:00', '09:25:00', '09:33:00', '09:41:00', '09:49:00', '09:57:00', '10:05:00', '10:13:00', '10:21:00', '10:29:00', '10:37:00', '10:45:00', '10:53:00', '11:01:00', '11:09:00', '11:17:00', '11:25:00', '11:33:00', '11:41:00', '11:49:00', '11:57:00', '12:05:00'),
  (14, '09:15:00', '09:23:00', '09:31:00', '09:39:00', '09:47:00', '09:55:00', '10:03:00', '10:11:00', '10:19:00', '10:27:00', '10:35:00', '10:43:00', '10:51:00', '10:59:00', '11:07:00', '11:15:00', '11:23:00', '11:31:00', '11:39:00', '11:47:00', '11:55:00', '12:03:00', '12:11:00', '12:19:00', '12:27:00', '12:35:00'),
  (15, '09:30:00', '09:38:00', '09:46:00', '09:54:00', '10:02:00', '10:10:00', '10:18:00', '10:26:00', '10:34:00', '10:42:00', '10:50:00', '10:58:00', '11:06:00', '11:14:00', '11:22:00', '11:30:00', '11:38:00', '11:46:00', '11:54:00', '12:02:00', '12:10:00', '12:18:00', '12:26:00', '12:34:00', '12:42:00', '12:50:00'),
  (16, '09:45:00', '09:53:00', '10:01:00', '10:09:00', '10:17:00', '10:25:00', '10:33:00', '10:41:00', '10:49:00', '10:57:00', '11:05:00', '11:13:00', '11:21:00', '11:29:00', '11:37:00', '11:45:00', '11:53:00', '12:01:00', '12:09:00', '12:17:00', '12:25:00', '12:33:00', '12:41:00', '12:49:00', '12:57:00', '13:05:00'),
  (18, '10:15:00', '10:23:00', '10:31:00', '10:39:00', '10:47:00', '10:55:00', '11:03:00', '11:11:00', '11:19:00', '11:27:00', '11:35:00', '11:43:00', '11:51:00', '11:59:00', '12:07:00', '12:15:00', '12:23:00', '12:31:00', '12:39:00', '12:47:00', '12:55:00', '13:03:00', '13:11:00', '13:19:00', '13:27:00', '13:35:00'),
  (19, '10:30:00', '10:38:00', '10:46:00', '10:54:00', '11:02:00', '11:10:00', '11:18:00', '11:26:00', '11:34:00', '11:42:00', '11:50:00', '11:58:00', '12:06:00', '12:14:00', '12:22:00', '12:30:00', '12:38:00', '12:46:00', '12:54:00', '13:02:00', '13:10:00', '13:18:00', '13:26:00', '13:34:00', '13:42:00', '13:50:00'),
  (20, '10:45:00', '10:53:00', '11:01:00', '11:09:00', '11:17:00', '11:25:00', '11:33:00', '11:41:00', '11:49:00', '11:57:00', '12:05:00', '12:13:00', '12:21:00', '12:29:00', '12:37:00', '12:45:00', '12:53:00', '13:01:00', '13:09:00', '13:17:00', '13:25:00', '13:33:00', '13:41:00', '13:49:00', '13:57:00', '14:05:00'),
  (22, '11:15:00', '11:23:00', '11:31:00', '11:39:00', '11:47:00', '11:55:00', '12:03:00', '12:11:00', '12:19:00', '12:27:00', '12:35:00', '12:43:00', '12:51:00', '12:59:00', '13:07:00', '13:15:00', '13:23:00', '13:31:00', '13:39:00', '13:47:00', '13:55:00', '14:03:00', '14:11:00', '14:19:00', '14:27:00', '14:35:00'),
  (23, '11:30:00', '11:38:00', '11:46:00', '11:54:00', '12:02:00', '12:10:00', '12:18:00', '12:26:00', '12:34:00', '12:42:00', '12:50:00', '12:58:00', '13:06:00', '13:14:00', '13:22:00', '13:30:00', '13:38:00', '13:46:00', '13:54:00', '14:02:00', '14:10:00', '14:18:00', '14:26:00', '14:34:00', '14:42:00', '14:50:00'),
  (24, '11:45:00', '11:53:00', '12:01:00', '12:09:00', '12:17:00', '12:25:00', '12:33:00', '12:41:00', '12:49:00', '12:57:00', '13:05:00', '13:13:00', '13:21:00', '13:29:00', '13:37:00', '13:45:00', '13:53:00', '14:01:00', '14:09:00', '14:17:00', '14:25:00', '14:33:00', '14:41:00', '14:49:00', '14:57:00', '15:05:00'),
  (26, '12:15:00', '12:23:00', '12:31:00', '12:39:00', '12:47:00', '12:55:00', '13:03:00', '13:11:00', '13:19:00', '13:27:00', '13:35:00', '13:43:00', '13:51:00', '13:59:00', '14:07:00', '14:15:00', '14:23:00', '14:31:00', '14:39:00', '14:47:00', '14:55:00', '15:03:00', '15:11:00', '15:19:00', '15:27:00', '15:35:00'),
  (27, '12:30:00', '12:38:00', '12:46:00', '12:54:00', '13:02:00', '13:10:00', '13:18:00', '13:26:00', '13:34:00', '13:42:00', '13:50:00', '13:58:00', '14:06:00', '14:14:00', '14:22:00', '14:30:00', '14:38:00', '14:46:00', '14:54:00', '15:02:00', '15:10:00', '15:18:00', '15:26:00', '15:34:00', '15:42:00', '15:50:00'),
  (28, '12:45:00', '12:53:00', '13:01:00', '13:09:00', '13:17:00', '13:25:00', '13:33:00', '13:41:00', '13:49:00', '13:57:00', '14:05:00', '14:13:00', '14:21:00', '14:29:00', '14:37:00', '14:45:00', '14:53:00', '15:01:00', '15:09:00', '15:17:00', '15:25:00', '15:33:00', '15:41:00', '15:49:00', '15:57:00', '16:05:00'),
  (30, '13:15:00', '13:23:00', '13:31:00', '13:39:00', '13:47:00', '13:55:00', '14:03:00', '14:11:00', '14:19:00', '14:27:00', '14:35:00', '14:43:00', '14:51:00', '14:59:00', '15:07:00', '15:15:00', '15:23:00', '15:31:00', '15:39:00', '15:47:00', '15:55:00', '16:03:00', '16:11:00', '16:19:00', '16:27:00', '16:35:00'),
  (31, '13:30:00', '13:38:00', '13:46:00', '13:54:00', '14:02:00', '14:10:00', '14:18:00', '14:26:00', '14:34:00', '14:42:00', '14:50:00', '14:58:00', '15:06:00', '15:14:00', '15:22:00', '15:30:00', '15:38:00', '15:46:00', '15:54:00', '16:02:00', '16:10:00', '16:18:00', '16:26:00', '16:34:00', '16:42:00', '16:50:00'),
  (32, '13:45:00', '13:53:00', '14:01:00', '14:09:00', '14:17:00', '14:25:00', '14:33:00', '14:41:00', '14:49:00', '14:57:00', '15:05:00', '15:13:00', '15:21:00', '15:29:00', '15:37:00', '15:45:00', '15:53:00', '16:01:00', '16:09:00', '16:17:00', '16:25:00', '16:33:00', '16:41:00', '16:49:00', '16:57:00', '17:05:00'),
  (34, '14:15:00', '14:23:00', '14:31:00', '14:39:00', '14:47:00', '14:55:00', '15:03:00', '15:11:00', '15:19:00', '15:27:00', '15:35:00', '15:43:00', '15:51:00', '15:59:00', '16:07:00', '16:15:00', '16:23:00', '16:31:00', '16:39:00', '16:47:00', '16:55:00', '17:03:00', '17:11:00', '17:19:00', '17:27:00', '17:35:00'),
  (35, '14:30:00', '14:38:00', '14:46:00', '14:54:00', '15:02:00', '15:10:00', '15:18:00', '15:26:00', '15:34:00', '15:42:00', '15:50:00', '15:58:00', '16:06:00', '16:14:00', '16:22:00', '16:30:00', '16:38:00', '16:46:00', '16:54:00', '17:02:00', '17:10:00', '17:18:00', '17:26:00', '17:34:00', '17:42:00', '17:50:00'),
  (36, '14:45:00', '14:53:00', '15:01:00', '15:09:00', '15:17:00', '15:25:00', '15:33:00', '15:41:00', '15:49:00', '15:57:00', '16:05:00', '16:13:00', '16:21:00', '16:29:00', '16:37:00', '16:45:00', '16:53:00', '17:01:00', '17:09:00', '17:17:00', '17:25:00', '17:33:00', '17:41:00', '17:49:00', '17:57:00', '18:05:00'),
  (38, '15:15:00', '15:23:00', '15:31:00', '15:39:00', '15:47:00', '15:55:00', '16:03:00', '16:11:00', '16:19:00', '16:27:00', '16:35:00', '16:43:00', '16:51:00', '16:59:00', '17:07:00', '17:15:00', '17:23:00', '17:31:00', '17:39:00', '17:47:00', '17:55:00', '18:03:00', '18:11:00', '18:19:00', '18:27:00', '18:35:00'),
  (39, '15:30:00', '15:38:00', '15:46:00', '15:54:00', '16:02:00', '16:10:00', '16:18:00', '16:26:00', '16:34:00', '16:42:00', '16:50:00', '16:58:00', '17:06:00', '17:14:00', '17:22:00', '17:30:00', '17:38:00', '17:46:00', '17:54:00', '18:02:00', '18:10:00', '18:18:00', '18:26:00', '18:34:00', '18:42:00', '18:50:00'),
  (40, '15:45:00', '15:53:00', '16:01:00', '16:09:00', '16:17:00', '16:25:00', '16:33:00', '16:41:00', '16:49:00', '16:57:00', '17:05:00', '17:13:00', '17:21:00', '17:29:00', '17:37:00', '17:45:00', '17:53:00', '18:01:00', '18:09:00', '18:17:00', '18:25:00', '18:33:00', '18:41:00', '18:49:00', '18:57:00', '19:05:00'),
  (42, '16:15:00', '16:23:00', '16:31:00', '16:39:00', '16:47:00', '16:55:00', '17:03:00', '17:11:00', '17:19:00', '17:27:00', '17:35:00', '17:43:00', '17:51:00', '17:59:00', '18:07:00', '18:15:00', '18:23:00', '18:31:00', '18:39:00', '18:47:00', '18:55:00', '19:03:00', '19:11:00', '19:19:00', '19:27:00', '19:35:00'),
  (43, '16:30:00', '16:38:00', '16:46:00', '16:54:00', '17:02:00', '17:10:00', '17:18:00', '17:26:00', '17:34:00', '17:42:00', '17:50:00', '17:58:00', '18:06:00', '18:14:00', '18:22:00', '18:30:00', '18:38:00', '18:46:00', '18:54:00', '19:02:00', '19:10:00', '19:18:00', '19:26:00', '19:34:00', '19:42:00', '19:50:00'),
  (44, '16:45:00', '16:53:00', '17:01:00', '17:09:00', '17:17:00', '17:25:00', '17:33:00', '17:41:00', '17:49:00', '17:57:00', '18:05:00', '18:13:00', '18:21:00', '18:29:00', '18:37:00', '18:45:00', '18:53:00', '19:01:00', '19:09:00', '19:17:00', '19:25:00', '19:33:00', '19:41:00', '19:49:00', '19:57:00', '20:05:00'),
  (46, '17:15:00', '17:23:00', '17:31:00', '17:39:00', '17:47:00', '17:55:00', '18:03:00', '18:11:00', '18:19:00', '18:27:00', '18:35:00', '18:43:00', '18:51:00', '18:59:00', '19:07:00', '19:15:00', '19:23:00', '19:31:00', '19:39:00', '19:47:00', '19:55:00', '20:03:00', '20:11:00', '20:19:00', '20:27:00', '20:35:00'),
  (47, '17:30:00', '17:38:00', '17:46:00', '17:54:00', '18:02:00', '18:10:00', '18:18:00', '18:26:00', '18:34:00', '18:42:00', '18:50:00', '18:58:00', '19:06:00', '19:14:00', '19:22:00', '19:30:00', '19:38:00', '19:46:00', '19:54:00', '20:02:00', '20:10:00', '20:18:00', '20:26:00', '20:34:00', '20:42:00', '20:50:00'),
  (48, '17:45:00', '17:53:00', '18:01:00', '18:09:00', '18:17:00', '18:25:00', '18:33:00', '18:41:00', '18:49:00', '18:57:00', '19:05:00', '19:13:00', '19:21:00', '19:29:00', '19:37:00', '19:45:00', '19:53:00', '20:01:00', '20:09:00', '20:17:00', '20:25:00', '20:33:00', '20:41:00', '20:49:00', '20:57:00', '21:05:00'),
  (50, '18:15:00', '18:23:00', '18:31:00', '18:39:00', '18:47:00', '18:55:00', '19:03:00', '19:11:00', '19:19:00', '19:27:00', '19:35:00', '19:43:00', '19:51:00', '19:59:00', '20:07:00', '20:15:00', '20:23:00', '20:31:00', '20:39:00', '20:47:00', '20:55:00', '21:03:00', '21:11:00', '21:19:00', '21:27:00', '21:35:00'),
  (51, '18:30:00', '18:38:00', '18:46:00', '18:54:00', '19:02:00', '19:10:00', '19:18:00', '19:26:00', '19:34:00', '19:42:00', '19:50:00', '19:58:00', '20:06:00', '20:14:00', '20:22:00', '20:30:00', '20:38:00', '20:46:00', '20:54:00', '21:02:00', '21:10:00', '21:18:00', '21:26:00', '21:34:00', '21:42:00', '21:50:00'),
  (52, '18:45:00', '18:53:00', '19:01:00', '19:09:00', '19:17:00', '19:25:00', '19:33:00', '19:41:00', '19:49:00', '19:57:00', '20:05:00', '20:13:00', '20:21:00', '20:29:00', '20:37:00', '20:45:00', '20:53:00', '21:01:00', '21:09:00', '21:17:00', '21:25:00', '21:33:00', '21:41:00', '21:49:00', '21:57:00', '22:05:00'),
  (54, '19:15:00', '19:23:00', '19:31:00', '19:39:00', '19:47:00', '19:55:00', '20:03:00', '20:11:00', '20:19:00', '20:27:00', '20:35:00', '20:43:00', '20:51:00', '20:59:00', '21:07:00', '21:15:00', '21:23:00', '21:31:00', '21:39:00', '21:47:00', '21:55:00', '22:03:00', '22:11:00', '22:19:00', '22:27:00', '22:35:00'),
  (55, '19:30:00', '19:38:00', '19:46:00', '19:54:00', '20:02:00', '20:10:00', '20:18:00', '20:26:00', '20:34:00', '20:42:00', '20:50:00', '20:58:00', '21:06:00', '21:14:00', '21:22:00', '21:30:00', '21:38:00', '21:46:00', '21:54:00', '22:02:00', '22:10:00', '22:18:00', '22:26:00', '22:34:00', '22:42:00', '22:50:00'),
  (56, '19:45:00', '19:53:00', '20:01:00', '20:09:00', '20:17:00', '20:25:00', '20:33:00', '20:41:00', '20:49:00', '20:57:00', '21:05:00', '21:13:00', '21:21:00', '21:29:00', '21:37:00', '21:45:00', '21:53:00', '22:01:00', '22:09:00', '22:17:00', '22:25:00', '22:33:00', '22:41:00', '22:49:00', '22:57:00', '23:05:00'),
  (58, '20:15:00', '20:23:00', '20:31:00', '20:39:00', '20:47:00', '20:55:00', '21:03:00', '21:11:00', '21:19:00', '21:27:00', '21:35:00', '21:43:00', '21:51:00', '21:59:00', '22:07:00', '22:15:00', '22:23:00', '22:31:00', '22:39:00', '22:47:00', '22:55:00', '23:03:00', '23:11:00', '23:19:00', '23:27:00', '23:35:00'),
  (59, '20:30:00', '20:38:00', '20:46:00', '20:54:00', '21:02:00', '21:10:00', '21:18:00', '21:26:00', '21:34:00', '21:42:00', '21:50:00', '21:58:00', '22:06:00', '22:14:00', '22:22:00', '22:30:00', '22:38:00', '22:46:00', '22:54:00', '23:02:00', '23:10:00', '23:18:00', '23:26:00', '23:34:00', '23:42:00', '23:50:00'),
  (60, '20:45:00', '20:53:00', '21:01:00', '21:09:00', '21:17:00', '21:25:00', '21:33:00', '21:41:00', '21:49:00', '21:57:00', '22:05:00', '22:13:00', '22:21:00', '22:29:00', '22:37:00', '22:45:00', '22:53:00', '23:01:00', '23:09:00', '23:17:00', '23:25:00', '23:33:00', '23:41:00', '23:49:00', '23:57:00', '00:05:00'),
  (63, '09:35:00', '09:27:00', '09:19:00', '09:11:00', '09:03:00', '08:55:00', '08:47:00', '08:39:00', '08:31:00', '08:23:00', '08:15:00', '08:07:00', '07:59:00', '07:51:00', '07:43:00', '07:35:00', '07:27:00', '07:19:00', '07:11:00', '07:03:00', '06:55:00', '06:47:00', '06:39:00', '06:31:00', '06:23:00', '06:15:00'),
  (64, '09:50:00', '09:42:00', '09:34:00', '09:26:00', '09:18:00', '09:10:00', '09:02:00', '08:54:00', '08:46:00', '08:38:00', '08:30:00', '08:22:00', '08:14:00', '08:06:00', '07:58:00', '07:50:00', '07:42:00', '07:34:00', '07:26:00', '07:18:00', '07:10:00', '07:02:00', '06:54:00', '06:46:00', '06:38:00', '06:30:00'),
  (65, '10:05:00', '09:57:00', '09:49:00', '09:41:00', '09:33:00', '09:25:00', '09:17:00', '09:09:00', '09:01:00', '08:53:00', '08:45:00', '08:37:00', '08:29:00', '08:21:00', '08:13:00', '08:05:00', '07:57:00', '07:49:00', '07:41:00', '07:33:00', '07:25:00', '07:17:00', '07:09:00', '07:01:00', '06:53:00', '06:45:00'),
  (67, '10:35:00', '10:27:00', '10:19:00', '10:11:00', '10:03:00', '09:55:00', '09:47:00', '09:39:00', '09:31:00', '09:23:00', '09:15:00', '09:07:00', '08:59:00', '08:51:00', '08:43:00', '08:35:00', '08:27:00', '08:19:00', '08:11:00', '08:03:00', '07:55:00', '07:47:00', '07:39:00', '07:31:00', '07:23:00', '07:15:00'),
  (68, '10:50:00', '10:42:00', '10:34:00', '10:26:00', '10:18:00', '10:10:00', '10:02:00', '09:54:00', '09:46:00', '09:38:00', '09:30:00', '09:22:00', '09:14:00', '09:06:00', '08:58:00', '08:50:00', '08:42:00', '08:34:00', '08:26:00', '08:18:00', '08:10:00', '08:02:00', '07:54:00', '07:46:00', '07:38:00', '07:30:00'),
  (69, '11:05:00', '10:57:00', '10:49:00', '10:41:00', '10:33:00', '10:25:00', '10:17:00', '10:09:00', '10:01:00', '09:53:00', '09:45:00', '09:37:00', '09:29:00', '09:21:00', '09:13:00', '09:05:00', '08:57:00', '08:49:00', '08:41:00', '08:33:00', '08:25:00', '08:17:00', '08:09:00', '08:01:00', '07:53:00', '07:45:00'),
  (71, '11:35:00', '11:27:00', '11:19:00', '11:11:00', '11:03:00', '10:55:00', '10:47:00', '10:39:00', '10:31:00', '10:23:00', '10:15:00', '10:07:00', '09:59:00', '09:51:00', '09:43:00', '09:35:00', '09:27:00', '09:19:00', '09:11:00', '09:03:00', '08:55:00', '08:47:00', '08:39:00', '08:31:00', '08:23:00', '08:15:00'),
  (72, '11:50:00', '11:42:00', '11:34:00', '11:26:00', '11:18:00', '11:10:00', '11:02:00', '10:54:00', '10:46:00', '10:38:00', '10:30:00', '10:22:00', '10:14:00', '10:06:00', '09:58:00', '09:50:00', '09:42:00', '09:34:00', '09:26:00', '09:18:00', '09:10:00', '09:02:00', '08:54:00', '08:46:00', '08:38:00', '08:30:00'),
  (73, '12:05:00', '11:57:00', '11:49:00', '11:41:00', '11:33:00', '11:25:00', '11:17:00', '11:09:00', '11:01:00', '10:53:00', '10:45:00', '10:37:00', '10:29:00', '10:21:00', '10:13:00', '10:05:00', '09:57:00', '09:49:00', '09:41:00', '09:33:00', '09:25:00', '09:17:00', '09:09:00', '09:01:00', '08:53:00', '08:45:00'),
  (75, '12:35:00', '12:27:00', '12:19:00', '12:11:00', '12:03:00', '11:55:00', '11:47:00', '11:39:00', '11:31:00', '11:23:00', '11:15:00', '11:07:00', '10:59:00', '10:51:00', '10:43:00', '10:35:00', '10:27:00', '10:19:00', '10:11:00', '10:03:00', '09:55:00', '09:47:00', '09:39:00', '09:31:00', '09:23:00', '09:15:00'),
  (76, '12:50:00', '12:42:00', '12:34:00', '12:26:00', '12:18:00', '12:10:00', '12:02:00', '11:54:00', '11:46:00', '11:38:00', '11:30:00', '11:22:00', '11:14:00', '11:06:00', '10:58:00', '10:50:00', '10:42:00', '10:34:00', '10:26:00', '10:18:00', '10:10:00', '10:02:00', '09:54:00', '09:46:00', '09:38:00', '09:30:00'),
  (77, '13:05:00', '12:57:00', '12:49:00', '12:41:00', '12:33:00', '12:25:00', '12:17:00', '12:09:00', '12:01:00', '11:53:00', '11:45:00', '11:37:00', '11:29:00', '11:21:00', '11:13:00', '11:05:00', '10:57:00', '10:49:00', '10:41:00', '10:33:00', '10:25:00', '10:17:00', '10:09:00', '10:01:00', '09:53:00', '09:45:00'),
  (79, '13:35:00', '13:27:00', '13:19:00', '13:11:00', '13:03:00', '12:55:00', '12:47:00', '12:39:00', '12:31:00', '12:23:00', '12:15:00', '12:07:00', '11:59:00', '11:51:00', '11:43:00', '11:35:00', '11:27:00', '11:19:00', '11:11:00', '11:03:00', '10:55:00', '10:47:00', '10:39:00', '10:31:00', '10:23:00', '10:15:00'),
  (80, '13:50:00', '13:42:00', '13:34:00', '13:26:00', '13:18:00', '13:10:00', '13:02:00', '12:54:00', '12:46:00', '12:38:00', '12:30:00', '12:22:00', '12:14:00', '12:06:00', '11:58:00', '11:50:00', '11:42:00', '11:34:00', '11:26:00', '11:18:00', '11:10:00', '11:02:00', '10:54:00', '10:46:00', '10:38:00', '10:30:00'),
  (81, '14:05:00', '13:57:00', '13:49:00', '13:41:00', '13:33:00', '13:25:00', '13:17:00', '13:09:00', '13:01:00', '12:53:00', '12:45:00', '12:37:00', '12:29:00', '12:21:00', '12:13:00', '12:05:00', '11:57:00', '11:49:00', '11:41:00', '11:33:00', '11:25:00', '11:17:00', '11:09:00', '11:01:00', '10:53:00', '10:45:00'),
  (83, '14:35:00', '14:27:00', '14:19:00', '14:11:00', '14:03:00', '13:55:00', '13:47:00', '13:39:00', '13:31:00', '13:23:00', '13:15:00', '13:07:00', '12:59:00', '12:51:00', '12:43:00', '12:35:00', '12:27:00', '12:19:00', '12:11:00', '12:03:00', '11:55:00', '11:47:00', '11:39:00', '11:31:00', '11:23:00', '11:15:00'),
  (84, '14:50:00', '14:42:00', '14:34:00', '14:26:00', '14:18:00', '14:10:00', '14:02:00', '13:54:00', '13:46:00', '13:38:00', '13:30:00', '13:22:00', '13:14:00', '13:06:00', '12:58:00', '12:50:00', '12:42:00', '12:34:00', '12:26:00', '12:18:00', '12:10:00', '12:02:00', '11:54:00', '11:46:00', '11:38:00', '11:30:00'),
  (85, '15:05:00', '14:57:00', '14:49:00', '14:41:00', '14:33:00', '14:25:00', '14:17:00', '14:09:00', '14:01:00', '13:53:00', '13:45:00', '13:37:00', '13:29:00', '13:21:00', '13:13:00', '13:05:00', '12:57:00', '12:49:00', '12:41:00', '12:33:00', '12:25:00', '12:17:00', '12:09:00', '12:01:00', '11:53:00', '11:45:00'),
  (87, '15:35:00', '15:27:00', '15:19:00', '15:11:00', '15:03:00', '14:55:00', '14:47:00', '14:39:00', '14:31:00', '14:23:00', '14:15:00', '14:07:00', '13:59:00', '13:51:00', '13:43:00', '13:35:00', '13:27:00', '13:19:00', '13:11:00', '13:03:00', '12:55:00', '12:47:00', '12:39:00', '12:31:00', '12:23:00', '12:15:00'),
  (88, '15:50:00', '15:42:00', '15:34:00', '15:26:00', '15:18:00', '15:10:00', '15:02:00', '14:54:00', '14:46:00', '14:38:00', '14:30:00', '14:22:00', '14:14:00', '14:06:00', '13:58:00', '13:50:00', '13:42:00', '13:34:00', '13:26:00', '13:18:00', '13:10:00', '13:02:00', '12:54:00', '12:46:00', '12:38:00', '12:30:00'),
  (89, '16:05:00', '15:57:00', '15:49:00', '15:41:00', '15:33:00', '15:25:00', '15:17:00', '15:09:00', '15:01:00', '14:53:00', '14:45:00', '14:37:00', '14:29:00', '14:21:00', '14:13:00', '14:05:00', '13:57:00', '13:49:00', '13:41:00', '13:33:00', '13:25:00', '13:17:00', '13:09:00', '13:01:00', '12:53:00', '12:45:00'),
  (91, '16:35:00', '16:27:00', '16:19:00', '16:11:00', '16:03:00', '15:55:00', '15:47:00', '15:39:00', '15:31:00', '15:23:00', '15:15:00', '15:07:00', '14:59:00', '14:51:00', '14:43:00', '14:35:00', '14:27:00', '14:19:00', '14:11:00', '14:03:00', '13:55:00', '13:47:00', '13:39:00', '13:31:00', '13:23:00', '13:15:00'),
  (92, '16:50:00', '16:42:00', '16:34:00', '16:26:00', '16:18:00', '16:10:00', '16:02:00', '15:54:00', '15:46:00', '15:38:00', '15:30:00', '15:22:00', '15:14:00', '15:06:00', '14:58:00', '14:50:00', '14:42:00', '14:34:00', '14:26:00', '14:18:00', '14:10:00', '14:02:00', '13:54:00', '13:46:00', '13:38:00', '13:30:00'),
  (93, '17:05:00', '16:57:00', '16:49:00', '16:41:00', '16:33:00', '16:25:00', '16:17:00', '16:09:00', '16:01:00', '15:53:00', '15:45:00', '15:37:00', '15:29:00', '15:21:00', '15:13:00', '15:05:00', '14:57:00', '14:49:00', '14:41:00', '14:33:00', '14:25:00', '14:17:00', '14:09:00', '14:01:00', '13:53:00', '13:45:00'),
  (95, '17:35:00', '17:27:00', '17:19:00', '17:11:00', '17:03:00', '16:55:00', '16:47:00', '16:39:00', '16:31:00', '16:23:00', '16:15:00', '16:07:00', '15:59:00', '15:51:00', '15:43:00', '15:35:00', '15:27:00', '15:19:00', '15:11:00', '15:03:00', '14:55:00', '14:47:00', '14:39:00', '14:31:00', '14:23:00', '14:15:00'),
  (96, '17:50:00', '17:42:00', '17:34:00', '17:26:00', '17:18:00', '17:10:00', '17:02:00', '16:54:00', '16:46:00', '16:38:00', '16:30:00', '16:22:00', '16:14:00', '16:06:00', '15:58:00', '15:50:00', '15:42:00', '15:34:00', '15:26:00', '15:18:00', '15:10:00', '15:02:00', '14:54:00', '14:46:00', '14:38:00', '14:30:00'),
  (97, '18:05:00', '17:57:00', '17:49:00', '17:41:00', '17:33:00', '17:25:00', '17:17:00', '17:09:00', '17:01:00', '16:53:00', '16:45:00', '16:37:00', '16:29:00', '16:21:00', '16:13:00', '16:05:00', '15:57:00', '15:49:00', '15:41:00', '15:33:00', '15:25:00', '15:17:00', '15:09:00', '15:01:00', '14:53:00', '14:45:00'),
  (99, '18:35:00', '18:27:00', '18:19:00', '18:11:00', '18:03:00', '17:55:00', '17:47:00', '17:39:00', '17:31:00', '17:23:00', '17:15:00', '17:07:00', '16:59:00', '16:51:00', '16:43:00', '16:35:00', '16:27:00', '16:19:00', '16:11:00', '16:03:00', '15:55:00', '15:47:00', '15:39:00', '15:31:00', '15:23:00', '15:15:00'),
  (100, '18:50:00', '18:42:00', '18:34:00', '18:26:00', '18:18:00', '18:10:00', '18:02:00', '17:54:00', '17:46:00', '17:38:00', '17:30:00', '17:22:00', '17:14:00', '17:06:00', '16:58:00', '16:50:00', '16:42:00', '16:34:00', '16:26:00', '16:18:00', '16:10:00', '16:02:00', '15:54:00', '15:46:00', '15:38:00', '15:30:00'),
  (101, '19:05:00', '18:57:00', '18:49:00', '18:41:00', '18:33:00', '18:25:00', '18:17:00', '18:09:00', '18:01:00', '17:53:00', '17:45:00', '17:37:00', '17:29:00', '17:21:00', '17:13:00', '17:05:00', '16:57:00', '16:49:00', '16:41:00', '16:33:00', '16:25:00', '16:17:00', '16:09:00', '16:01:00', '15:53:00', '15:45:00'),
  (103, '19:35:00', '19:27:00', '19:19:00', '19:11:00', '19:03:00', '18:55:00', '18:47:00', '18:39:00', '18:31:00', '18:23:00', '18:15:00', '18:07:00', '17:59:00', '17:51:00', '17:43:00', '17:35:00', '17:27:00', '17:19:00', '17:11:00', '17:03:00', '16:55:00', '16:47:00', '16:39:00', '16:31:00', '16:23:00', '16:15:00'),
  (104, '19:50:00', '19:42:00', '19:34:00', '19:26:00', '19:18:00', '19:10:00', '19:02:00', '18:54:00', '18:46:00', '18:38:00', '18:30:00', '18:22:00', '18:14:00', '18:06:00', '17:58:00', '17:50:00', '17:42:00', '17:34:00', '17:26:00', '17:18:00', '17:10:00', '17:02:00', '16:54:00', '16:46:00', '16:38:00', '16:30:00'),
  (105, '20:05:00', '19:57:00', '19:49:00', '19:41:00', '19:33:00', '19:25:00', '19:17:00', '19:09:00', '19:01:00', '18:53:00', '18:45:00', '18:37:00', '18:29:00', '18:21:00', '18:13:00', '18:05:00', '17:57:00', '17:49:00', '17:41:00', '17:33:00', '17:25:00', '17:17:00', '17:09:00', '17:01:00', '16:53:00', '16:45:00'),
  (107, '20:35:00', '20:27:00', '20:19:00', '20:11:00', '20:03:00', '19:55:00', '19:47:00', '19:39:00', '19:31:00', '19:23:00', '19:15:00', '19:07:00', '18:59:00', '18:51:00', '18:43:00', '18:35:00', '18:27:00', '18:19:00', '18:11:00', '18:03:00', '17:55:00', '17:47:00', '17:39:00', '17:31:00', '17:23:00', '17:15:00'),
  (108, '20:50:00', '20:42:00', '20:34:00', '20:26:00', '20:18:00', '20:10:00', '20:02:00', '19:54:00', '19:46:00', '19:38:00', '19:30:00', '19:22:00', '19:14:00', '19:06:00', '18:58:00', '18:50:00', '18:42:00', '18:34:00', '18:26:00', '18:18:00', '18:10:00', '18:02:00', '17:54:00', '17:46:00', '17:38:00', '17:30:00'),
  (109, '21:05:00', '20:57:00', '20:49:00', '20:41:00', '20:33:00', '20:25:00', '20:17:00', '20:09:00', '20:01:00', '19:53:00', '19:45:00', '19:37:00', '19:29:00', '19:21:00', '19:13:00', '19:05:00', '18:57:00', '18:49:00', '18:41:00', '18:33:00', '18:25:00', '18:17:00', '18:09:00', '18:01:00', '17:53:00', '17:45:00'),
  (111, '21:35:00', '21:27:00', '21:19:00', '21:11:00', '21:03:00', '20:55:00', '20:47:00', '20:39:00', '20:31:00',
        '20:23:00', '20:15:00', '20:07:00', '19:59:00', '19:51:00', '19:43:00', '19:35:00', '19:27:00', '19:19:00',
                    '19:11:00', '19:03:00', '18:55:00', '18:47:00', '18:39:00', '18:31:00', '18:23:00', '18:15:00'),
  (112, '21:50:00', '21:42:00', '21:34:00', '21:26:00', '21:18:00', '21:10:00', '21:02:00', '20:54:00', '20:46:00',
        '20:38:00', '20:30:00', '20:22:00', '20:14:00', '20:06:00', '19:58:00', '19:50:00', '19:42:00', '19:34:00',
                    '19:26:00', '19:18:00', '19:10:00', '19:02:00', '18:54:00', '18:46:00', '18:38:00', '18:30:00'),
  (113, '22:05:00', '21:57:00', '21:49:00', '21:41:00', '21:33:00', '21:25:00', '21:17:00', '21:09:00', '21:01:00',
        '20:53:00', '20:45:00', '20:37:00', '20:29:00', '20:21:00', '20:13:00', '20:05:00', '19:57:00', '19:49:00',
                    '19:41:00', '19:33:00', '19:25:00', '19:17:00', '19:09:00', '19:01:00', '18:53:00', '18:45:00'),
  (115, '22:35:00', '22:27:00', '22:19:00', '22:11:00', '22:03:00', '21:55:00', '21:47:00', '21:39:00', '21:31:00',
        '21:23:00', '21:15:00', '21:07:00', '20:59:00', '20:51:00', '20:43:00', '20:35:00', '20:27:00', '20:19:00',
                    '20:11:00', '20:03:00', '19:55:00', '19:47:00', '19:39:00', '19:31:00', '19:23:00', '19:15:00'),
  (116, '22:50:00', '22:42:00', '22:34:00', '22:26:00', '22:18:00', '22:10:00', '22:02:00', '21:54:00', '21:46:00',
        '21:38:00', '21:30:00', '21:22:00', '21:14:00', '21:06:00', '20:58:00', '20:50:00', '20:42:00', '20:34:00',
                    '20:26:00', '20:18:00', '20:10:00', '20:02:00', '19:54:00', '19:46:00', '19:38:00', '19:30:00'),
  (117, '23:05:00', '22:57:00', '22:49:00', '22:41:00', '22:33:00', '22:25:00', '22:17:00', '22:09:00', '22:01:00',
        '21:53:00', '21:45:00', '21:37:00', '21:29:00', '21:21:00', '21:13:00', '21:05:00', '20:57:00', '20:49:00',
                    '20:41:00', '20:33:00', '20:25:00', '20:17:00', '20:09:00', '20:01:00', '19:53:00', '19:45:00'),
  (119, '23:35:00', '23:27:00', '23:19:00', '23:11:00', '23:03:00', '22:55:00', '22:47:00', '22:39:00', '22:31:00',
        '22:23:00', '22:15:00', '22:07:00', '21:59:00', '21:51:00', '21:43:00', '21:35:00', '21:27:00', '21:19:00',
                    '21:11:00', '21:03:00', '20:55:00', '20:47:00', '20:39:00', '20:31:00', '20:23:00', '20:15:00'),
  (120, '23:50:00', '23:42:00', '23:34:00', '23:26:00', '23:18:00', '23:10:00', '23:02:00', '22:54:00', '22:46:00',
        '22:38:00', '22:30:00', '22:22:00', '22:14:00', '22:06:00', '21:58:00', '21:50:00', '21:42:00', '21:34:00',
                    '21:26:00', '21:18:00', '21:10:00', '21:02:00', '20:54:00', '20:46:00', '20:38:00', '20:30:00'),
  (121, '00:05:00', '23:57:00', '23:49:00', '23:41:00', '23:33:00', '23:25:00', '23:17:00', '23:09:00', '23:01:00',
        '22:53:00', '22:45:00', '22:37:00', '22:29:00', '22:21:00', '22:13:00', '22:05:00', '21:57:00', '21:49:00',
                    '21:41:00', '21:33:00', '21:25:00', '21:17:00', '21:09:00', '21:01:00', '20:53:00', '20:45:00');

DROP TABLE IF EXISTS `fastschedule`;

CREATE TABLE fastschedule (
  trainID INT(11) NOT NULL,
  A       TIME    NOT NULL,
  F       TIME    NOT NULL,
  K       TIME    NOT NULL,
  P       TIME    NOT NULL,
  U       TIME    NOT NULL,
  Z       TIME    NOT NULL,
  PRIMARY KEY (`trainID`)
);

INSERT INTO fastschedule VALUES (1, '06:00:00', '06:28:00', '06:56:00', '07:24:00', '07:52:00', '08:20:00'),
  (5, '07:00:00', '07:28:00', '07:56:00', '08:24:00', '08:52:00', '09:20:00'),
  (9, '08:00:00', '08:28:00', '08:56:00', '09:24:00', '09:52:00', '10:20:00'),
  (13, '09:00:00', '09:28:00', '09:56:00', '10:24:00', '10:52:00', '11:20:00'),
  (17, '10:00:00', '10:28:00', '10:56:00', '11:24:00', '11:52:00', '12:20:00'),
  (21, '11:00:00', '11:28:00', '11:56:00', '12:24:00', '12:52:00', '13:20:00'),
  (25, '12:00:00', '12:28:00', '12:56:00', '13:24:00', '13:52:00', '14:20:00'),
  (29, '13:00:00', '13:28:00', '13:56:00', '14:24:00', '14:52:00', '15:20:00'),
  (33, '14:00:00', '14:28:00', '14:56:00', '15:24:00', '15:52:00', '16:20:00'),
  (37, '15:00:00', '15:28:00', '15:56:00', '16:24:00', '16:52:00', '17:20:00'),
  (41, '16:00:00', '16:28:00', '16:56:00', '17:24:00', '17:52:00', '18:20:00'),
  (45, '17:00:00', '17:28:00', '17:56:00', '18:24:00', '18:52:00', '19:20:00'),
  (49, '18:00:00', '18:28:00', '18:56:00', '19:24:00', '19:52:00', '20:20:00'),
  (53, '19:00:00', '19:28:00', '19:56:00', '20:24:00', '20:52:00', '21:20:00'),
  (57, '20:00:00', '20:28:00', '20:56:00', '21:24:00', '21:52:00', '22:20:00'),
  (61, '21:00:00', '21:28:00', '21:56:00', '22:24:00', '22:52:00', '23:20:00'),
  (62, '08:20:00', '07:52:00', '07:24:00', '06:56:00', '06:28:00', '06:00:00'),
  (66, '09:20:00', '08:52:00', '08:24:00', '07:56:00', '07:28:00', '07:00:00'),
  (70, '10:20:00', '09:52:00', '09:24:00', '08:56:00', '08:28:00', '08:00:00'),
  (74, '11:20:00', '10:52:00', '10:24:00', '09:56:00', '09:28:00', '09:00:00'),
  (78, '12:20:00', '11:52:00', '11:24:00', '10:56:00', '10:28:00', '10:00:00'),
  (82, '13:20:00', '12:52:00', '12:24:00', '11:56:00', '11:28:00', '11:00:00'),
  (86, '14:20:00', '13:52:00', '13:24:00', '12:56:00', '12:28:00', '12:00:00'),
  (90, '15:20:00', '14:52:00', '14:24:00', '13:56:00', '13:28:00', '13:00:00'),
  (94, '16:20:00', '15:52:00', '15:24:00', '14:56:00', '14:28:00', '14:00:00'),
  (98, '17:20:00', '16:52:00', '16:24:00', '15:56:00', '15:28:00', '15:00:00'),
  (102, '18:20:00', '17:52:00', '17:24:00', '16:56:00', '16:28:00', '16:00:00'),
  (106, '19:20:00', '18:52:00', '18:24:00', '17:56:00', '17:28:00', '17:00:00'),
  (110, '20:20:00', '19:52:00', '19:24:00', '18:56:00', '18:28:00', '18:00:00'),
  (114, '21:20:00', '20:52:00', '20:24:00', '19:56:00', '19:28:00', '19:00:00'),
  (118, '22:20:00', '21:52:00', '21:24:00', '20:56:00', '20:28:00', '20:00:00'),
  (122, '23:20:00', '22:52:00', '22:24:00', '21:56:00', '21:28:00', '21:00:00');